"","X","norm_foldChange","pvalue.adj.FDR","log2foldchange"
"1","Il1r2",3.03225506407606,0,1.60039111373346
"2","Fth1",2.44973312432644,0,1.29262458956164
"3","Mt1",5.71277081798084,0,2.51419065378067
"4","Cd14",2.96884304745502,0,1.56990082500406
"5","Lst1",0.430874399340531,0,-1.21466071247913
"6","Prnp",9.53376792698826,0,3.2530465074447
"7","Tpm3-rs7",3.68664523670368,0,1.88230859357485
"8","Gh",0,0,-8.96578428466209
"9","Olfml3",0.0292171105730428,0,-5.09704267994476
"10","Ttr",1.6924752313109,0,0.759134720697521
"11","Lmnb1",1.69585420952333,0,0.762012148534133
"12","Id2",4.33017728423924,0,2.11442609235545
"13","Cxcl2",3.71211176116321,0,1.89224014657774
"14","Rbm3",1.95894374846475,0,0.970075970869353
"15","Cirbp",2.71301741035397,0,1.43989830591345
"16","Trim12a",0.199188689854607,0,-2.32779236291266
"17","Fcrls",0.222456267560954,0,-2.16840634880465
"18","Ltb",0.405622749888759,0,-1.30178952481616
"19","Srgn",1.54562026312277,0,0.628185913180673
"20","Plscr1",3.64866629619339,0,1.86736920933786
"21","Isg15",0.36901210653753,0,-1.43825994593193
"22","Alox5ap",1.65534857922612,0,0.72713504819148
"23","Cebpb",1.54660059970653,0,0.629100677576825
"24","Atp1b3",2.67823513586225,0,1.4212826277461
"25","Lyz2",0.335881969583811,0,-1.57397374227474
"26","Prr5l",0.270120456241339,0,-1.88832519550539
"27","Trim30d",0.121387635654189,0,-3.04230661636484
"28","Tiparp",2.5751445663011,0,1.36465342617207
"29","Pik3ip1",3.69573622881356,0,1.88586179274904
"30","Il1b",0.584264607059878,0,-0.775306196954283
"31","Chil3",1.09680515974201,0,0.133307263170605
"32","Stfa2",12.8862422488632,0,3.68775971628259
"33","Sub1",1.71040517083222,0,0.774338119678715
"34","Gm5150",0.407780964797914,0,-1.29413366291835
"35","Jaml",0.407128148265484,0,-1.29644512406246
"36","Ets2",1.65966342678127,0,0.73089069835152
"37","Pdcd6",1.88976271186441,0,0.918205093754181
"38","Il1rap",1.80215433332468,0,0.849722566305701
"39","Pilra",0.58229188791187,0,-0.780185574604818
"40","Tmcc1",0.614308478715258,0,-0.702964799301562
"41","Klf13",1.4989759268604,0,0.583977214187709
"42","Napsa",2.05617197188921,0,1.03996093214666
"43","Pfkfb3",3.12953842873894,0,1.64594989176692
"44","Ucp2",1.4699559401421,0,0.555772912958837
"45","Tyrobp",0.785226728648159,0,-0.348818812771205
"46","Stfa3",19.8691729323308,0,4.31245991557467
"47","Trim30a",0.62559973391355,0,-0.676688195863714
"48","Rtp4",0.569887700694051,0,-0.811250438089898
"49","Atp6v1g1",1.3818637260908,0,0.466615349889178
"50","Oasl2",0.57906052097637,0,-0.788213954359363
"51","Cebpd",0.66382491018492,0,-0.591125326986732
"52","Apoe",2.4797695262484,0,1.31020604045501
"53","Nos2",11.0440677966102,0,3.46519974427632
"54","Qsox1",2.32290030865869,0,1.21592723968701
"55","Klf9",5.8421518054532,0,2.54649984637816
"56","Wdr26",1.72186171643799,0,0.783969283838156
"57","Cpne2",1.72743403677017,0,0.788630621385458
"58","Ifi27l2a",0.478290106666805,0,-1.06404214510685
"59","Lsp1",0.732553806413365,0,-0.448993364847606
"60","Dck",0.495426258537819,0,-1.01325775868432
"61","Tpt1",1.38132276914139,2.86947150921971e-14,0.466050468785738
"62","Nt5c2",1.92979015334948,5.55675435118737e-14,0.94844397641471
"63","Sod2",3.62464036462042,5.55675435118737e-14,1.85783785859859
"64","Smad4",1.99446009796697,8.07866594134164e-14,0.995998260531609
"65","Csta2",45.3139124293785,8.07866594134164e-14,5.50188215423972
"66","Slpi",0.605977315202681,1.3260436519879e-13,-0.722664307554089
"67","Hilpda",14.5366362451108,2.61250391137914e-13,3.86162156538781
"68","Gm34084",0.456818117077339,3.86112710431769e-13,-1.13030822680629
"69","Rasa2",3.26951474344091,4.05884665651947e-13,1.70907652894018
"70","Ccl3",2.67345071581372,4.25091707865834e-13,1.41870308137221
"71","Bcl2l1",2.62854391371341,4.9306411848564e-13,1.39426383746537
"72","Stfa1",10.7419222694454,5.59148406588229e-13,3.42518028192061
"73","Tmsb4x",0.762351865984092,1.00706657624944e-12,-0.39147106286179
"74","Cstdc4",3.33272991522838,1.22999508476283e-12,1.73670440603237
"75","Rflnb",1.79692024701091,1.40030209649922e-12,0.845526378911759
"76","Chil1",1.55385746375332,1.79644018958781e-12,0.635854170561895
"77","Rdh12",1.56062532100668,1.95496721264501e-12,0.642124212902993
"78","Rab7",1.40725724304918,2.31139608877275e-12,0.49288607366975
"79","Ifitm2",1.44153552767207,2.48154801911254e-12,0.527606393520082
"80","Cstdc5",15.5063174114022,3.39270723997496e-12,3.95478419692022
"81","Marcks",0.661575625546269,3.39270723997496e-12,-0.596022012662493
"82","Rsad2",0.372625051674246,3.71421592669e-12,-1.42420342460336
"83","Cd47",1.40936885101301,4.28104406008044e-12,0.495049233994705
"84","Il1f9",0.583195464800139,5.5011868076755e-12,-0.777948594248214
"85","Prok2",3.55864406779661,6.89854709304761e-12,1.83132764307421
"86","Man2a1",2.49764950431724,8.20235094315675e-12,1.32057103744976
"87","Slfn1",0.699733384117311,8.55069527316333e-12,-0.51512277094722
"88","Rab8b",1.4469918855332,8.6325441744412e-12,0.533056831521444
"89","C5ar2",0.442123629112662,1.32950030510319e-11,-1.17747825430113
"90","Gm50255",20.4519774011299,1.59284363476786e-11,4.35416843188757
"91","Il12a",14.7254237288136,1.84360425476595e-11,3.88023724355516
"92","Ddit4",2.65545835611445,1.84360425476595e-11,1.40896090472795
"93","Ccl4",2.45165930779091,1.96870429158358e-11,1.29375851038662
"94","Ifngr1",1.59603397907944,2.54735806916347e-11,0.674491366427159
"95","Elovl5",5.08377723970944,3.87846830675112e-11,2.34590081590397
"96","Ptprc",0.768320064632319,5.71243029730735e-11,-0.380220664844564
"97","Ifit3",0.251546012721056,6.27609625209314e-11,-1.99110577337426
"98","Trim30b",0.676274073860191,9.46990014749853e-11,-0.564320048283543
"99","Arpc3",1.3397561022747,1.30871668160192e-10,0.421970387201584
"100","Ifi204",0.351974878934625,1.42603264752239e-10,-1.50645563002972
"101","Tax1bp1",1.3082369572737,1.75384371492229e-10,0.387623875791649
"102","AW011738",0.204519774011299,1.7934506385433e-10,-2.28968775788716
"103","Txn1",0.735599208380863,1.90315329838528e-10,-0.443008167700885
"104","Fkbp5",1.8406779661017,1.93871152038155e-10,0.880237243555162
"105","Fam111a",0.531978027137424,2.09928622633508e-10,-0.910561437120552
"106","Hif1a",1.68100166712976,2.52054377369859e-10,0.74932115536447
"107","Snai1",3.40525423728814,2.80763842081963e-10,1.76776251429675
"108","Ifit3b",0.239076563413209,3.43560229648037e-10,-2.06445538476574
"109","Ptpn1",1.40987134678743,3.5840989096062e-10,0.495563520198531
"110","Rpsa",1.76264066609972,3.86992579396147e-10,0.817738395205962
"111","Wfdc17",1.40880223930516,4.6709851802256e-10,0.494469107461686
"112","Cd300lf",1.33429650242198,5.30860101207131e-10,0.416079292491294
"113","Rnf8",2.51936369661964,5.30860101207131e-10,1.33305940529347
"114","Ifit1bl2",0.252786440677966,5.73310087512986e-10,-1.98400901464487
"115","Tet2",1.71824435989085,7.13849655715362e-10,0.780935223748522
"116","Samd9l",0.547060840599589,7.20295480349032e-10,-0.870226805653304
"117","Slc9a3r1",1.59752201301639,7.92457286875679e-10,0.675835810891065
"118","Rnf125",3.35212897891691,8.54377117076964e-10,1.74507766027352
"119","Bin2",0.613559322033898,8.60479754676515e-10,-0.704725257165999
"120","Wnk1",1.59021534430525,9.69388299261927e-10,0.6692221460912
"121","Ngp",0.793872524958491,1.04705853354039e-09,-0.33302072778965
"122","Rpl34",1.39276040034761,1.32617431580141e-09,0.477947089266001
"123","Mapk6",5.37329224447868,1.32617431580141e-09,2.42580630597623
"124","Cyth1",2.7218045112782,1.39253832479484e-09,1.44456345158202
"125","Rps24",1.49831500741099,1.57333742656363e-09,0.583340969493114
"126","Per1",1.92481151862139,1.67005473647761e-09,0.944717181151271
"127","Mt2",6.82832148715145,1.71498415818495e-09,2.77153098411266
"128","Cd63",1.56908998689716,1.85641221492339e-09,0.64992809285893
"129","Antxr2",1.67163611207195,2.10299051385779e-09,0.74126083040635
"130","Dgat2",2.0272,2.80687862354621e-09,1.01948842959136
"131","Gm26740",0.480070367739098,2.97588246496291e-09,-1.058682206246
"132","Mmp8",1.47857302739972,3.12162610070818e-09,0.56420550058748
"133","Neu1",1.86848802035819,3.25129352847415e-09,0.901871314039645
"134","Fbxl5",1.40346926699576,3.68761458350944e-09,0.488997472230727
"135","Cst3",0.621182492212749,4.00406011885829e-09,-0.686910926388468
"136","Dynll1",0.477342167047245,6.72529831987688e-09,-1.06690430929777
"137","Rps9",1.21241473824994,6.89492909482276e-09,0.277883294904677
"138","Srsf5",1.36585196998356,7.10880355708202e-09,0.449801133889309
"139","St8sia4",0.579472693032015,7.22375806973633e-09,-0.787187417357971
"140","Sipa1l1",2.04217899806117,7.32694319026196e-09,1.03010932473551
"141","Ttc7",0.551225606050375,7.41739275674095e-09,-0.859285187861389
"142","Tspo",1.38957007154234,7.64071880570087e-09,0.474638586836229
"143","Tmod3",1.62257680084746,1.17527038918776e-08,0.698286766409001
"144","Hist1h2bc",0.605391343588655,1.17527038918776e-08,-0.724060048481442
"145","1600010M07Rik",0.52999620541361,1.3837024808708e-08,-0.915946064363534
"146","Cd38",19.6338983050847,1.44039773289932e-08,4.295274742834
"147","Cdc42",0.780199518574584,1.48504299726585e-08,-0.358084986745695
"148","Slfn4",0.652722683014786,1.62150606830558e-08,-0.61545791906891
"149","Iqgap1",1.27337367056259,1.65392241572699e-08,0.348655839162023
"150","Ogfrl1",1.26179607372307,1.92172908741739e-08,0.335478766737954
"151","Rplp0",1.44173083072987,2.01772056119813e-08,0.527801840432275
"152","Fmnl2",3.97535310734463,2.61334487982572e-08,1.99108301224345
"153","Rps25",1.35461847687975,2.89255164381358e-08,0.43788657924088
"154","Itm2b",0.75086098000996,2.93411254109827e-08,-0.413382273720351
"155","Adpgk",0.966686989391538,3.30332845550403e-08,-0.0488792702883317
"156","2310001H17Rik",0.675598251627307,3.58625221172004e-08,-0.565762500276598
"157","Slc15a3",1.34712611476864,3.73828705881774e-08,0.429884918828721
"158","Pilrb2",0.490280659177203,3.75852825740123e-08,-1.028320244256
"159","Rgs3",0.461134207440571,4.10083643032008e-08,-1.11674140446961
"160","Phgdh",0.137620782512276,4.33746418754266e-08,-2.86122974284599
"161","Dmxl2",1.41402427486281,4.47421416506973e-08,0.499806887420002
"162","Wfdc21",1.37767079800635,5.19824012380885e-08,0.462231189331246
"163","Ptgs2",0.296579825740171,5.39744724933542e-08,-1.75350763025228
"164","Gda",0.787522060297331,7.1547314952029e-08,-0.34460775762771
"165","Jdp2",1.80127507386099,7.19522318251817e-08,0.849018512944441
"166","Coro1c",2.35406433759945,7.64210335053744e-08,1.23515375039643
"167","Pofut2",2.5137616999747,8.57292090051895e-08,1.32984789138143
"168","Rps27a",1.25899709618268,8.68749921207573e-08,0.332274955552816
"169","Samsn1",1.27939301229884,8.87984485009334e-08,0.355459508784618
"170","Rps3",1.36756300618485,9.75841701301259e-08,0.451607302207199
"171","F13a1",6.60756192959583,1.03908577708357e-07,2.72411804163788
"172","Rgs2",0.660324514262092,1.19083552606669e-07,-0.598752888512901
"173","Bin1",0.552600944466816,1.2461733539494e-07,-0.85569006698157
"174","Taldo1",0.784320820407821,1.60392563763112e-07,-0.350484196495008
"175","Myo1f",0.628127071300066,1.76515280817365e-07,-0.670871646296444
"176","Grina",1.24778023177904,1.90872364246157e-07,0.319363858525303
"177","Cd177",1.12913328610097,1.9933985661006e-07,0.175215795984379
"178","Dazap2",1.27558467454779,2.17795976745424e-07,0.351158669615071
"179","mt-Co1",1.46888257255278,2.21014999473855e-07,0.554719066576785
"180","Stat1",0.6154588864984,2.31148995090259e-07,-0.700265608975297
"181","Elp1",0.576412724248965,2.98944392436432e-07,-0.794825911685142
"182","Ezr",1.4577412223358,3.37979847336185e-07,0.543734635722315
"183","Sp100",0.573341256717652,3.38412279793335e-07,-0.8025339980933
"184","Nfkbia",1.65168687208435,4.58805328955978e-07,0.72394020557714
"185","Nfkbid",0.369058238817382,4.85060483167042e-07,-1.43807959777983
"186","Luc7l2",1.35195538924352,4.91766475122036e-07,0.435047547493634
"187","Saa3",125.43879472693,5.35058566775575e-07,6.97083979233606
"188","Itgal",0.637514408914315,5.36337470953227e-07,-0.649470145175778
"189","Riok3",1.3309279233008,5.63618833986274e-07,0.412432443892851
"190","Anxa2",0.78502159207209,5.86731829566034e-07,-0.349195758912498
"191","Hist1h2ap",0.504081090063144,6.04023260223334e-07,-0.988272260325504
"192","Rnf144a",0.546354041324303,6.28792920612473e-07,-0.872091964008551
"193","Fabp5",0.638602559667935,6.44180810204881e-07,-0.647009759309711
"194","Slc7a11",0.572926254349534,7.60429352747507e-07,-0.803578644092284
"195","Cd53",1.28037219544774,7.75797692363029e-07,0.356563252782442
"196","Fgl2",0.656973138076098,7.8097377931863e-07,-0.606093711183985
"197","Sgms1",1.66983215003899,8.40033950739265e-07,0.739703091635485
"198","Cd164",1.48765011498169,1.01319719236546e-06,0.573035254445798
"199","Vamp5",0.446786486179047,1.13456080404844e-06,-1.16234254518368
"200","Pik3ap1",1.8217668911075,1.27659745762343e-06,0.86533836717582
"201","Gpr34",0.504383307404678,1.50792445637887e-06,-0.987407564508679
"202","Atp11a",1.84718212852608,1.56801624393599e-06,0.885326120227956
"203","Rpl24",1.3511062653495,1.62783161399217e-06,0.434141147989785
"204","Plk2",1.91999742218212,1.69543821793561e-06,0.941104373963323
"205","Efhd2",1.38319952423431,1.71177299950902e-06,0.468009277863133
"206","Rpl6",1.38867112631065,1.77917538287401e-06,0.473704971803775
"207","Fam20c",10.9673728813559,1.77917538287401e-06,3.45514607961239
"208","Sat1",1.28952240054031,1.87842967643549e-06,0.36683683467635
"209","Rack1",1.35980185263345,1.94800465913156e-06,0.443396440409455
"210","Fam174a",1.71300088174782,2.15377539831379e-06,0.77652589403305
"211","Map1lc3b",1.23544147806175,2.17043017263882e-06,0.30502667290082
"212","Klf7",1.51705550016617,2.63235403206289e-06,0.601273866303365
"213","Klra17",0.423476237952808,2.75859948550317e-06,-1.23964707538756
"214","Got1",2.37624245906349,3.06722611661046e-06,1.24868204853023
"215","App",1.36524359289282,3.06722611661046e-06,0.449158386240161
"216","A930005H10Rik",3.01580005745475,3.24326707587016e-06,1.59254078348709
"217","Lilr4b",1.26321036889332,3.44378128858739e-06,0.337094918528629
"218","Dennd4a",1.31978658618738,3.90046044249718e-06,0.400304659931246
"219","Magoh",2.31014381099127,4.16132402526627e-06,1.20798266503784
"220","Pabpc1",1.36192103192122,4.9734388496839e-06,0.445643054188102
"221","Cmpk2",0.29234297108674,5.10409818502069e-06,-1.77426619041907
"222","Tmem189",1.90175626965258,5.10409818502069e-06,0.927332361290459
"223","Oas3",0.606372682829987,5.24450153663326e-06,-0.721723333517896
"224","Stfa2l1",1.78177114885451,5.54035542965823e-06,0.833312048636005
"225","H3f3b",1.28066486982653,5.54831171757956e-06,0.356892994106719
"226","Pgd",0.736271186440678,5.56517744355385e-06,-0.441690851332204
"227","Plxdc2",0.500391713747646,5.8853682899261e-06,-0.998870195539822
"228","Ddx28",3.93399800598205,5.89455377222832e-06,1.97599622636059
"229","Arhgap5",0.536363132823751,5.96099917090676e-06,-0.898718018570141
"230","Rps14",1.2859300814302,6.24201820064512e-06,0.362812202606646
"231","Mbp",0.667529817953547,6.31623647710337e-06,-0.583095812764466
"232","Orm1",10.1721677074041,6.98137698271206e-06,3.34655524777769
"233","Trim12c",0.683838317736623,7.0929702823975e-06,-0.548272830846983
"234","Cdkn1a",2.4900946511116,7.12500908614261e-06,1.31620058168855
"235","Slc16a3",1.25972066379259,7.28753875843033e-06,0.333103859408476
"236","Itgb2l",0.78808286252354,7.4642653421676e-06,-0.343580765882357
"237","Tgfbi",0.733998744507219,7.53547257748479e-06,-0.446150499522904
"238","Il1rn",1.00099466857643,7.5544453296375e-06,0.00143429021903272
"239","Trps1",0.498086078842125,7.81264869127236e-06,-1.00553300563172
"240","Ndufa8",1.63669782210098,8.33846013342521e-06,0.710787986565925
"241","Rpl19",1.35393829139574,8.87183311451119e-06,0.437161986530262
"242","Cxcl3",7.14867954276705,8.99061357913084e-06,2.83767678132711
"243","Mmp9",0.694951518805445,9.1186478449551e-06,-0.525015758804606
"244","Dusp16",2.32980917387697,9.93813682760235e-06,1.22021179385997
"245","Hacd4",0.652279085074873,9.93813682760235e-06,-0.616438724748042
"246","Rpl23a",1.32824906758061,1.00628037225898e-05,0.409525700051863
"247","Atp6v0c",1.29166730577498,1.03538194717247e-05,0.369234523501718
"248","Unc93b1",0.727042855174314,1.03778548111686e-05,-0.459887689304743
"249","Batf",2.80167449458852,1.06933704550529e-05,1.48628934965817
"250","Abr",0.598538095694085,1.09491980224261e-05,-0.740485020283599
"251","Chmp4b",1.24758957603556,1.11318031914421e-05,0.319143403749174
"252","Rps17",1.40066828087167,1.28598749576002e-05,0.486115323929649
"253","Cd300a",0.668327230469007,1.43370659566327e-05,-0.58137343802445
"254","R3hdm4",1.29122185681761,1.58726807217051e-05,0.368736904775026
"255","Nek6",2.06672613737734,1.64827433928142e-05,1.04734722939041
"256","Calm2",0.864750584363175,1.65794995597886e-05,-0.209644011374363
"257","Stat3",1.35256458671169,1.66381392338472e-05,0.435697486254619
"258","Csf3r",0.815674524097651,1.73270980011268e-05,-0.293934501687856
"259","Rps10",1.2658234615151,1.92370626937343e-05,0.340076212857754
"260","Irf2",0.755876739368036,1.9465998859412e-05,-0.403777101182848
"261","Ptpn6",0.735050724859779,1.96442193365326e-05,-0.444084283062781
"262","Pdia3",0.740216237919068,1.97893309125089e-05,-0.433981310899644
"263","Map3k8",1.71663709233311,1.97893309125089e-05,0.779585076946414
"264","AC149090.1",0.571061706654927,2.00160227391622e-05,-0.808281448992596
"265","H2-T24",0.399881946201197,2.04093090446849e-05,-1.32235394680748
"266","Schip1",4.67838983050847,2.1304859752472e-05,2.22601208039689
"267","P2ry12",0.612144939087762,2.15468839471879e-05,-0.708054811011457
"268","Birc3",1.43253938624655,2.17615832489283e-05,0.518574804993652
"269","Rpl28",1.27851259760592,2.33416284953744e-05,0.354466375999232
"270","Sparc",0.555316374934117,2.36290783677377e-05,-0.848618156750022
"271","Anxa11",1.47989172229229,2.62063690315727e-05,0.56549162353902
"272","Lcn2",1.21659618938204,2.67352329622081e-05,0.282850390525709
"273","Rps5",1.446289398986,2.67352329622081e-05,0.532356260938643
"274","Gpx1",0.773023306049081,2.75574826164124e-05,-0.37141618395255
"275","Iscu",1.44274984892521,2.97908759823057e-05,0.528821179940091
"276","Cd33",1.24149678050122,3.0632998782262e-05,0.312080520265502
"277","Timm10b",0.73231273920175,3.28181171657954e-05,-0.449468201923923
"278","Cd300lb",0.594101838248468,3.33042424020007e-05,-0.75121784240845
"279","Rpl9",1.23396541835975,3.34835822912724e-05,0.303301963806636
"280","Ppp1r15b",1.59339964991675,3.64722349419493e-05,0.672108163059154
"281","Msrb1",0.875316711980101,3.69882194115853e-05,-0.192122979507363
"282","P2ry13",0.715486114945067,3.70308625112773e-05,-0.483004325271921
"283","Socs3",1.27296367435676,3.83244226358155e-05,0.34819125068224
"284","Rnd1",2.07076271186441,3.97430185234884e-05,1.05016224499747
"285","Aldoa",0.756532023866096,4.26471677119653e-05,-0.402526942128152
"286","Dennd1c",0.577546057479735,4.33646276039671e-05,-0.791992093383648
"287","Hexa",0.668169314047387,4.442736822185e-05,-0.581714367060654
"288","Ubald2",1.27100130039012,4.61075022426607e-05,0.345965506397488
"289","Rps19",1.49191147835216,4.91058378672318e-05,0.57716193671174
"290","Spag9",1.46287050179511,5.31483032814733e-05,0.548802062923423
"291","Rin3",0.69468462392028,5.38051245918963e-05,-0.525569929670147
"292","Ccr5",0.433667583636525,5.69455267600838e-05,-1.20533848815092
"293","Rabgef1",2.44855618330195,5.85845485115253e-05,1.29193129975963
"294","Ldha",1.32926503508343,5.87182878123744e-05,0.410628784583351
"295","Aif1",0.686805938772829,6.23359694360244e-05,-0.542025580589443
"296","Rpl26",1.31157257798589,6.23359694360244e-05,0.391297643670894
"297","Gpsm3",0.795840052657561,6.64849250817286e-05,-0.329449586762527
"298","Sox4",0.574090593715928,6.73444543346867e-05,-0.800649677164534
"299","Klhdc4",1.85627693191612,6.78412065820784e-05,0.892411957501263
"300","Psma6",1.67450564971751,6.78412065820784e-05,0.743735243650292
"301","Svip",0.340159831386669,6.79398757033539e-05,-1.55571530803293
"302","Plaur",1.40346229719393,7.37045678788875e-05,0.488990307611066
"303","Cnnm2",3.97008973080758,7.37045678788875e-05,1.98917161510832
"304","Eef2",1.30672602445827,7.50547963886274e-05,0.385956689267215
"305","Rpl32",1.42600545820167,7.61115180874274e-05,0.511979503875357
"306","Rpl31",1.35645505642456,8.55754235485175e-05,0.439841247437274
"307","Txnip",0.78031459939795,8.55754235485175e-05,-0.357872202341427
"308","Dock8",0.648648498947602,8.86860954500975e-05,-0.624491197866142
"309","Mbd2",1.32844036697248,8.99245943343463e-05,0.40973346741892
"310","Rps12",1.30892655367232,9.14381625719802e-05,0.388384147225487
"311","Cux1",1.41974773354356,9.20262410650354e-05,0.505634608675557
"312","Rpl36",1.35360468884286,9.25655781461595e-05,0.436806471028114
"313","Tmem80",0.559872881355932,9.2930644837662e-05,-0.836828793173344
"314","Rps3a1",1.28055986395829,9.2930644837662e-05,0.356774698009184
"315","Gm13822",0.480352363960749,9.45938603777756e-05,-1.05783500730164
"316","Ubn1",1.71475094367552,9.45938603777756e-05,0.777999049624417
"317","P4hb",1.8533026435098,9.45938603777756e-05,0.890098492071434
"318","Hdc",1.01799842526211,9.45938603777756e-05,0.0257353297158657
"319","Mob2",2.33874376869392,9.48079424133883e-05,1.22573380958093
"320","Rpl18a",1.25252078160423,9.5506820328025e-05,0.324834540561114
"321","Apbb1ip",0.770125865008525,9.57535463595966e-05,-0.376833843905519
"322","Rpl23",1.24815741718163,9.82013793225002e-05,0.319799897874428
"323","Glipr1",0.714793190106381,0.000102731164832224,-0.484402205117014
"324","Siglech",0.695994253488408,0.000102731164832224,-0.522852700448418
"325","Il18rap",1.4022766683448,0.000105753111340094,0.487771020297601
"326","Aqp9",0.34460181100534,0.000106107529877034,-1.53699781142793
"327","Retnlg",1.49176193116662,0.000110269424009834,0.577017315666789
"328","Pnp",0.631454802259887,0.000112636085199435,-0.663248621189839
"329","Rps23",1.30508719329376,0.000114407445040078,0.384146196933295
"330","Adamtsl4",6.0883963494133,0.000114407445040078,2.60606228011616
"331","Ccrl2",1.83695942475604,0.000118459134469144,0.877319760172868
"332","Gm31814",0.491784189416483,0.000118459134469144,-1.02390274103733
"333","Hpgd",0.494421589600132,0.000118921449212665,-1.01618635300229
"334","Tnfrsf1b",1.50809440836369,0.000119056848518331,0.592726745725153
"335","Gde1",2.08138200782269,0.000120980320507603,1.05754177536307
"336","Pirb",1.03548734669403,0.000124246943495776,0.0503099244195475
"337","Pmp22",1.90662125772216,0.000125578428522246,0.931018286821406
"338","Syne1",1.32031752842738,0.000132726076240773,0.400884930794605
"339","Hcar2",0.778541002651098,0.000134238425348091,-0.361155072585408
"340","Tlr7",1.87566161165626,0.000135390163948424,0.907399574537684
"341","Calr",0.770043471889806,0.000135497893406402,-0.376988201145395
"342","Aox3",Inf,0.000144478447705844,9
"343","Rplp2",1.33483579187624,0.000146159388744679,0.416662276132468
"344","Rpl14",1.44583738770338,0.000150557080574352,0.531905302533795
"345","Ncbp1",3.20553441715669,0.000154618088251742,1.68056489871879
"346","Rnf169",1.93588544710696,0.000154643324235195,0.952993585990476
"347","Pcmt1",1.86522033898305,0.000154643324235195,0.899346066502862
"348","Atp13a2",1.94231049183737,0.000155445965983726,0.957773844026177
"349","Twf2",0.630082463560844,0.000155445965983726,-0.66638743772764
"350","Sri",1.37136930593084,0.000155445965983726,0.455617137191783
"351","Olfm4",3.52671902990216,0.000159029094304015,1.81832664230416
"352","Pim1",1.17070714596138,0.00016128153148261,0.227380228777485
"353","Rnh1",1.7096688581941,0.000168703741051489,0.773716919904116
"354","Sirpb1b",0.731500530804993,0.000168703741051489,-0.451069183648066
"355","Ubp1",1.88661288860691,0.000173685567092965,0.915798428778105
"356","Lyst",0.79715201739913,0.000180169438776097,-0.327073221568989
"357","Irak3",1.91399637565292,0.000184135037202678,0.936588097936525
"358","Ifitm6",1.88642715245784,0.000187358441655913,0.915656389139789
"359","Steap4",0.645983188645446,0.000189672280452563,-0.630431474818684
"360","Clec4a2",0.672709648831284,0.000189802963690345,-0.571944143658466
"361","Cast",1.54068213051264,0.000192010101154185,0.623569239505377
"362","Serpinb1a",1.00334995014955,0.000194337544051304,0.00482487941980546
"363","Acpp",2.06925888999668,0.000194871498390648,1.04911415556461
"364","Lbr",1.25240530352954,0.000207037660969526,0.324701522946907
"365","Arap3",0.604580405126085,0.000208890789877628,-0.72599387391965
"366","Orai1",0.694625450074646,0.000211907803409076,-0.525692824933481
"367","Col4a3bp",1.76175539770729,0.000214935646868431,0.817013634240762
"368","Rpl17",1.19232919797309,0.000214935646868431,0.253782613915537
"369","Glipr2",1.32165497465308,0.000228894122227722,0.402345602470672
"370","Crispld2",1.23588377723971,0.000230007167638816,0.30554307828783
"371","Uck2",26.6898305084746,0.000230007167638816,4.73821823868273
"372","Gm19696",0.397883923985619,0.000245541913275663,-1.32958048501067
"373","Txnrd1",2.00903265812319,0.00024930458285687,1.00650101620133
"374","Ubb",1.14398914677322,0.000260545364808799,0.194073365078953
"375","Dach1",2.71719128329298,0.000263009864809476,1.44211613116327
"376","Eef1a1",1.34217395032441,0.000270675292578619,0.424571661856446
"377","Hmgb1",1.27930749172601,0.000280376076870239,0.355363069122245
"378","Map4k2",0.525292893250074,0.000285181671437978,-0.928806028655217
"379","Rpl37a",1.19606108558464,0.000285933701492293,0.2582910731644
"380","Rps18",1.4775004280089,0.000292875925827067,0.563158548329189
"381","Marcksl1",1.41978219929583,0.000295648974841801,0.505669631070854
"382","Epsti1",0.49658578222168,0.000305213769391238,-1.00988513867247
"383","Evi2",0.570376261245589,0.000322561750910895,-0.810014156050763
"384","Mfsd10",2.0623842757442,0.000324542100911879,1.04431316930079
"385","Rpl27",1.26660697930495,0.000331391839014411,0.34096893413271
"386","Fam76a",1.79707476555106,0.000340507431581541,0.845650432023106
"387","Cnn2",0.792336765718701,0.000341145323348323,-0.335814347704221
"388","Foxn3",1.80156661489635,0.000344339337597167,0.849251997978302
"389","Asnsd1",1.55749674054759,0.000374161228208072,0.639229144051365
"390","Rps6",1.27530393113852,0.000383823664009744,0.350841111941209
"391","Runx1",1.48726779661017,0.000383823664009744,0.572664441644866
"392","Hnmt",0.392525529003053,0.000384042871234008,-1.3491416080974
"393","Ccdc12",0.702297240509875,0.000392935874334606,-0.509846328391405
"394","Ccl12",0.605037664783428,0.000395479204688771,-0.724903139103627
"395","Uqcrh",1.24041559531931,0.000398196580911697,0.310823569686513
"396","Ifit1",0.482300362593811,0.000402993792025146,-1.05199620016782
"397","Psmb9",0.685348634284354,0.000420664364234316,-0.545090026520484
"398","Gm42418",0.915242440217445,0.000435730662318926,-0.127774142780208
"399","Gm10076",0.685880002577818,0.000438265739162801,-0.543971901621936
"400","Slfn5",0.542654931968348,0.000443898443893276,-0.881892998489448
"401","Ndfip1",1.29356022840569,0.000451882090151002,0.371347227736873
"402","H2-Q10",0.689689711098041,0.000451882090151002,-0.535980650306072
"403","Csta3",4.36625936145053,0.000460628552825923,2.12639783082455
"404","Sqstm1",1.66441910631741,0.00046138429991194,0.735018754677216
"405","Ak2",2.07125121450934,0.000470817672241986,1.05050254339294
"406","Ckb",0.592863868711326,0.00048092997633952,-0.754227218583573
"407","Zmpste24",0.59116664604726,0.000502122654345517,-0.758363220768071
"408","Rpl30",1.2535764765575,0.000502287873096905,0.326050012912718
"409","Mfsd6",0.513623523369286,0.000516726990654462,-0.96121681713302
"410","Lmbr1l",2.37018806593917,0.000525504425450773,1.24500153635278
"411","Cd101",0.492990896306713,0.000557826715127528,-1.02036708920593
"412","Cmtm7",0.631233870405245,0.000564312471367308,-0.663753476109692
"413","Tpm4",0.736404714040685,0.00056572167653712,-0.441429232863651
"414","Ube2h",1.28205360662199,0.000570270707819721,0.358456586754478
"415","Usp18",0.393889935132873,0.00060439335668264,-1.34413554190953
"416","Celf2",0.790325890803581,0.000678495702339288,-0.33948042375276
"417","Wbp1l",1.61085677674879,0.000681979944407867,0.687828227961465
"418","mt-Atp6",1.45715962252106,0.000688945464567124,0.543158924077699
"419","Rab20",1.8371517631015,0.000694883934870344,0.877470809263782
"420","Il4ra",1.42355006543458,0.000705352506317609,0.509493232724748
"421","Lars2",0.851508564555008,0.000705352506317609,-0.231907054145144
"422","Gnl1",2.68576910777103,0.000707065456221633,1.42533528339838
"423","Bcl3",1.79825099170573,0.000707065456221633,0.846594399727519
"424","Sdhb",1.55328586730515,0.000739228501437126,0.635323368289451
"425","Sgip1",39.8813559322034,0.000770660877634794,5.31764255586246
"426","Cd74",1.63833393436711,0.000783393764548147,0.712229445107135
"427","Tmem104",2.15335723598435,0.000806820190645081,1.10658767846029
"428","Cybb",0.664434887708351,0.000822636968430314,-0.589800267519652
"429","Rpl4",1.37654637563325,0.000838761493962208,0.461053214923718
"430","Lims1",0.722112125162973,0.000865753685373029,-0.4697052275018
"431","Il15",0.601946211837673,0.000873434731203165,-0.732293517174803
"432","Bri3",1.3143086529884,0.000884853851299366,0.394304118769297
"433","Larp4b",1.55885937986565,0.00089039941019212,0.640490792615272
"434","Mmadhc",2.29899938738003,0.000891783811809004,1.20100608161768
"435","Sla",1.30409380870786,0.000892804643126303,0.383047652153212
"436","Elmsan1",1.77990086344739,0.000909217590757862,0.831796888497402
"437","Rgs18",0.53199856623483,0.000949617298754774,-0.910505737297529
"438","Kdm5a",1.78074891604257,0.000949617298754774,0.83248411210679
"439","Rps13",1.25517404050275,0.000955446056074267,0.327887419922448
"440","Plbd1",0.720037611206211,0.00096002482820639,-0.473855827105355
"441","mt-Co2",1.39037115338672,0.000969784460061669,0.475470055376542
"442","Ankrd33b",0.600037353504226,0.000971015841928551,-0.736875780769704
"443","Pdlim4",0.306779661016949,0.000975434769081104,-1.704725257166
"444","C9orf72",2.34434606627878,0.000985759502088901,1.22918555237623
"445","Rgs1",1.48577600531738,0.00103802364815235,0.571216632447183
"446","Tceal9",2.57552227039811,0.00105812856025574,1.36486501501908
"447","Hectd1",1.34600205950294,0.00105833341264033,0.428680617401726
"448","Slc44a2",0.636822234717648,0.00106444504272208,-0.65103738627201
"449","Timm8b",1.64195429904618,0.00107113682071936,0.715413972757015
"450","Zyx",1.20469361147327,0.00107113682071936,0.268666273913121
"451","Odf2",2.63830508474576,0.00110296849550801,1.39961140264874
"452","Epb41",1.86905065151367,0.00111463316751975,0.902305666834494
"453","Btbd10",0.512423170050289,0.00111728207706108,-0.964592383921108
"454","Atp1a3",0.578598676903762,0.00118732193504095,-0.78936507066334
"455","Naca",1.34517710912207,0.00120229563337285,0.427796133845511
"456","Entpd3",2.28301143082381,0.00125358631741308,1.19093808301927
"457","Tcn2",1.36958919850618,0.00125358631741308,0.453743228841316
"458","Flot1",1.38637050631545,0.0012564565130477,0.471312868002927
"459","Rpl29",1.21122965764062,0.00129761008304966,0.276472436069713
"460","Itga4",0.612441727640394,0.00133700009201002,-0.70735551321067
"461","Usp38",2.1419794188862,0.00135948682028283,1.09894461808375
"462","Rps20",1.39661269356488,0.00135971449034412,0.481931990293535
"463","Atp6v1a",1.61737576386487,0.00137154335967617,0.693654898159239
"464","Nav2",0.455561213355641,0.001383068287122,-1.13428317418355
"465","Oas1a",0.468416256606525,0.00139466281205473,-1.09413694876935
"466","Pla2g7",0.844412114158241,0.00144569683003344,-0.243980818771392
"467","Slc29a3",0.665006842825561,0.00144569683003344,-0.588558909070962
"468","Gns",1.52248637021103,0.00144569683003344,0.606429312718161
"469","Sult1a1",2.05949982221169,0.00148762922914461,1.04229400166413
"470","Igf1r",1.28140934771443,0.00151128174864109,0.357731419925769
"471","Fus",1.26397556447266,0.00151346001870753,0.337968573202616
"472","Rps27rt",1.5431946584489,0.00151869408132709,0.625920054822477
"473","Nfkbiz",1.29627118644068,0.00154909794540758,0.374367568844185
"474","Cox17",1.1563030117228,0.00157719727381216,0.209519508760993
"475","Rpl7a",1.26079368918492,0.00159029470740131,0.334332218615361
"476","Lair1",0.626794808179468,0.00159390307477644,-0.673934865052549
"477","Rpl7",1.24757062146893,0.00161042935439601,0.319121484788373
"478","Rpl12",1.5035030852144,0.00171183552258214,0.588327828350192
"479","Ecscr",0.52761326914199,0.00177746393775415,-0.922447246968446
"480","Rilpl2",1.95929943502825,0.00177746393775415,0.970337898074302
"481","Fdxr",5.09726205997392,0.00177746393775415,2.34972252685638
"482","Furin",1.40697699002784,0.0018030254980203,0.492598734655345
"483","Klf6",1.27773998075989,0.00181763056120106,0.353594278667653
"484","Sell",0.829594483796825,0.00183477520640241,-0.269521793582684
"485","Ugcg",1.50463624511082,0.00190820440340856,0.589414748908655
"486","Klf10",1.73397199705232,0.0019651400938777,0.794080599805442
"487","Xpa",1.88328625235405,0.00198342996004123,0.913252300783122
"488","Hk2",1.01666570255105,0.00200960692028469,0.0238453738309462
"489","Eif1",1.11823383814773,0.00203846982521889,0.16122190719776
"490","Eif4a1",1.36626513317191,0.00212822302068272,0.450237475718702
"491","Flot2",1.84067796610169,0.00215763606630222,0.880237243555154
"492","Thbs1",2.21936719352903,0.00215791838036198,1.15014838067491
"493","Nktr",1.42023533715401,0.00221224653804991,0.5061300083312
"494","Slc6a6",1.31619836785938,0.0022219198753875,0.396376937979009
"495","Dpm1",1.49342043314501,0.00227944782632343,0.578620375402313
"496","Cmas",1.89180790960452,0.00228612978786728,0.919765607741795
"497","Frmd4a",0.669337442218798,0.00229032845135933,-0.57919437508214
"498","Ncor1",0.798688959457219,0.00229146490574144,-0.324294323918086
"499","Atp5e",0.861323326868482,0.00234661852817084,-0.215373191170442
"500","Pak2",0.812136632877799,0.00239007550143612,-0.300205629801154
"501","Fcgr2b",1.49244159413651,0.00241439531491382,0.577674473534727
"502","Rpl3",1.45849455001997,0.002418945135151,0.544479995304412
"503","Fpr2",1.39022547741391,0.00242012145281301,0.475318889255276
"504","Atg101",1.20265155453884,0.00242922476484745,0.266218709549922
"505","Rps27",1.12642073778664,0.00254248825123411,0.171745799835841
"506","Entpd1",1.2898322944759,0.00254248825123411,0.367183496922603
"507","Fam102b",0.562566456127596,0.00254248825123411,-0.829904562535338
"508","Noct",4.82082324455206,0.00256322066649524,2.26927953430106
"509","Fos",0.814654123753143,0.00256600137969697,-0.295740428009412
"510","Gm31243",0.116078790655062,0.00261690542583677,-3.10682370073734
"511","Glrx",0.753758380877025,0.00264016609357741,-0.407825956770158
"512","Ptpn18",0.730057927483373,0.00265344774891894,-0.453917153665463
"513","Adam30",Inf,0.00271066426286879,9
"514","Uqcrq",1.33781233618731,0.00271066426286879,0.419875753766819
"515","Gm39321",0.487925746569814,0.00272058183042702,-1.03526648235807
"516","5830428M24Rik",0.490230815092411,0.00274024264394811,-1.02846692242529
"517","Itpripl2",0.53611979595195,0.00277330140500129,-0.899372688019542
"518","Egln2",2.24490528414756,0.0028023630104939,1.1666545768269
"519","B2m",0.843599692725103,0.00285767692270504,-0.245369525246572
"520","Gm50276",5.11299435028249,0.00285767692270504,2.35416843188757
"521","Mtus1",0.733366763614482,0.00286908440670021,-0.447393210696388
"522","Igsf6",0.76966401679916,0.00286908440670021,-0.377699294638957
"523","Ywhah",0.73236124958458,0.00287213700495927,-0.449372637055151
"524","Per2",2.46367666232073,0.00290467029936086,1.30081292637543
"525","Pcif1",1.55609087630725,0.00295358494633541,0.637926316731165
"526","Auh",1.7680673954468,0.0029547280968845,0.822173268634163
"527","Mboat7",1.42399701992922,0.00299660242620214,0.509946127106393
"528","Adgrg3",1.96241592682271,0.00302629157931393,0.972630847862055
"529","Mmp19",5.47820823244552,0.00304094817294009,2.45370410543848
"530","Npc2",1.34319743472286,0.00316780428085105,0.425671380089678
"531","Rpl41",1.15342709565462,0.00321766666013679,0.205926818878745
"532","Asb2",0.12271186440678,0.00326249641291282,-3.02665335205336
"533","Fscn1",0.412392331203112,0.00335951396907566,-1.2779105901108
"534","Cdc42ep3",0.603528379439339,0.00336915664519524,-0.728506483122039
"535","Maged2",0.0681732580037665,0.0034651041748116,-3.87465025860831
"536","Cx3cr1",0.541318960333192,0.00346743104424891,-0.885449173859357
"537","Eci2",2.14325516600882,0.00348120115618708,1.09980362081284
"538","Ier3",1.33163663583382,0.00356523332500859,0.413200467396689
"539","B430306N03Rik",0.630097309150715,0.00356523332500859,-0.666353446293479
"540","Ndufa11",1.91948375058311,0.00360395719566119,0.940718347081246
"541","Esd",1.43658149418813,0.00360647223934773,0.522639836188384
"542","Btg2",0.813122807865309,0.00362184287630446,-0.298454832478741
"543","Arf5",1.25816622421891,0.00362527217511334,0.331322538285678
"544","Ppig",1.66007381082559,0.00362710980163718,0.731247388647312
"545","Haus8",0.389198077409562,0.00366361107499071,-1.36142351148607
"546","Prdx1",0.950621953880847,0.00386981570489596,-0.073056374933107
"547","Tanc2",0.554751719283045,0.00392074230910269,-0.850085861266735
"548","Gm50431",3.68135593220339,0.00392074230910269,1.88023724355516
"549","Tnfaip3",1.83757918164698,0.00393241891985331,0.877806417300397
"550","Ctsl",1.37239651238592,0.00393308972344492,0.456697364752062
"551","Gpcpd1",1.23492160733329,0.00393325729080442,0.30441946261877
"552","Uba7",0.458177415804534,0.00403567935524955,-1.12602174691653
"553","Rps4x",1.35221326312325,0.00404834683990095,0.435322702941697
"554","Hsh2d",0.350605326876513,0.0042083003745846,-1.5120801792236
"555","Stx11",1.48427218344965,0.0042083003745846,0.569755675318903
"556","Ighm",0.500720826027664,0.00442955372090452,-0.997921633510045
"557","Tra2b",1.40004246134249,0.00453523008118265,0.48547058276973
"558","Arpc1a",1.54517696909272,0.0045682155444251,0.62777207943155
"559","Rrp1",1.86405165456013,0.0045682155444251,0.898441838932749
"560","1700017B05Rik",1.56721894242367,0.00456843616928006,0.648206740170625
"561","Selenok",1.26797481387613,0.00456843616928006,0.342526089123315
"562","Cd52",0.850335193101049,0.00457721188774426,-0.23389644645965
"563","Nav3",0.422938950139872,0.00459539292762623,-1.24147866484453
"564","Rps16",1.14176887904589,0.00460321597709853,0.191270644746442
"565","Lipg",2.13467514124294,0.00461469243836869,1.0940165345869
"566","Rps15",1.25441987853769,0.00466475383479788,0.327020326842953
"567","4833407H14Rik",0.514221146085553,0.00468991955465166,-0.959539156194823
"568","Sall1",0.608192913969462,0.0047268633412169,-0.717399087201109
"569","Rps11",1.26254566315985,0.00487078820605289,0.336335567526159
"570","Sipa1l2",1.64831882730188,0.00504795738725245,0.720995323879977
"571","Clec12a",0.56502920616681,0.00511392427881935,-0.823602653017919
"572","Rnf141",0.589794700405825,0.00511392427881935,-0.761715235750827
"573","Hip1",0.561442313984687,0.00511392427881935,-0.832790295954293
"574","Ccdc126",0.462214689265537,0.00511392427881935,-1.11336498524669
"575","Rptor",1.86651204281891,0.00515992518109446,0.900344817003731
"576","Scnn1a",0.560206337509212,0.00515992518109446,-0.83596979044425
"577","Eif3f",1.35398241366127,0.00516376216731575,0.437209000442862
"578","Dusp2",4.22674199623352,0.00517650894958276,2.07954605177856
"579","Limd2",0.85708988042884,0.00517967610343414,-0.222481591541805
"580","Vapa",1.27279089697201,0.00521895672766236,0.347995422632399
"581","Hmgb3",13.4983050847458,0.00527069223505798,3.7547063614713
"582","Pmvk",2.81515453639083,0.00551387080664887,1.49321412044591
"583","Rnase6",0.467037692891475,0.00551387080664887,-1.09838910565227
"584","Mpp7",0.450209112920977,0.00551387080664887,-1.15133283544571
"585","Fam129a",0.716716225592229,0.00552220622875531,-0.48052607912392
"586","Ergic1",2.55441023867174,0.00553296075703074,1.35299024069029
"587","Mgst1",0.774665696163045,0.00573301792314124,-0.368354239390469
"588","1110004F10Rik",1.74812991194016,0.00587649148299839,0.805812402428606
"589","Ggt1",2.09201551970594,0.00589573535712054,1.06489355431896
"590","Azin1",1.3105065347591,0.00598066870647453,0.390124547593108
"591","Trim5",0.1673343605547,0.00598544600296367,-2.57919437508214
"592","Rpl27a",1.22249382505749,0.0061073377997065,0.28982717799433
"593","Osm",0.808891684322034,0.00612251903083474,-0.305981565227805
"594","Cox7a2l",1.26260729379983,0.00618772134674807,0.336405990364062
"595","Gcnt2",0.807069750032167,0.00637584779866753,-0.309234732812986
"596","Anp32a",0.790713774170446,0.00656312840884106,-0.338772538386639
"597","Ocel1",2.01691309051569,0.00667384991184768,1.01214891906074
"598","Cox4i1",1.20606952864036,0.00667384991184768,0.270313079487789
"599","Tarm1",1.43018792322795,0.00667384991184768,0.516204726091961
"600","Rpl22",1.2657778696431,0.00671681599279487,0.340024249567297
"601","Apmap",2.83320039880359,0.00672667370550676,1.50243265047529
"602","Malsu1",1.83588453389831,0.0067756602660313,0.876475324758963
"603","Gnai2",0.896877458342273,0.0067756602660313,-0.157017213777283
"604","Nipa2",1.49693690014294,0.00677887718439953,0.58201340925906
"605","Lamp2",1.22790024829969,0.00678213312833085,0.296193364349212
"606","Ndrg1",0.626431195922721,0.00678407895232133,-0.674772035064371
"607","Abca1",1.65103235747304,0.00692388249222509,0.723368394938296
"608","Ddx3y",1.63699638788552,0.00695078933537297,0.711051138436748
"609","Gpr27",2.24971751412429,0.00697357277917933,1.16974386075014
"610","Actr3",0.819901098486278,0.00697357277917933,-0.286478201411265
"611","Gm16556",0.65025545373449,0.0071173681802891,-0.620921500691863
"612","Mpc2",0.717701292849468,0.00724738826986824,-0.478544575339842
"613","Gpr65",1.52857842657,0.00736648851664314,0.612190574286374
"614","Snx18",1.24665017023573,0.00753160887783447,0.31805667890253
"615","Mfsd14b",0.717994951316264,0.00771648839430634,-0.477954395318976
"616","Emd",1.6639985801757,0.00779913689639769,0.734654202484804
"617","Zfand2a",3.38593848085373,0.007917443572225,1.75955576113269
"618","Ralb",0.633512470717928,0.00819015615725013,-0.658555075733071
"619","Creg1",0.721397021058038,0.00826039871891921,-0.471134629224686
"620","Rnaset2b",0.957834274952919,0.00834155636839176,-0.062152033274747
"621","Elmo1",0.78856077814666,0.00866996413789555,-0.342706140186645
"622","Ly6g",1.09399729034755,0.00875906031858161,0.129609164815119
"623","Spata13",1.31438041431262,0.00875906031858161,0.394382887846929
"624","Smim3",1.58645418326693,0.00887257517551418,0.665805856882366
"625","Rpl10",1.27882105010837,0.00887257517551418,0.354814396992261
"626","Fam219b",0.237910757523348,0.00890170588716488,-2.07150758783762
"627","Ap2s1",1.50581284316066,0.00892107452584127,0.590542469197744
"628","Rps15a",1.27485286077252,0.0089915014014971,0.350330745685322
"629","Trp53inp1",1.38014755732802,0.00932753386063718,0.46482251978969
"630","Irf7",0.677662534783709,0.00955946004054371,-0.56136108199482
"631","Psap",1.28047162859248,0.00971756767828273,0.356675287498141
"632","Cdc42se1",0.793451060431272,0.00994504021558943,-0.333786853617069
"633","Rasa3",0.705451847223307,0.00994834119446569,-0.503380484273217
"634","Bcl2l11",1.65715799031477,0.0101350898627688,0.728711152938355
"635","Cep83",1.76682360326428,0.0104774320143833,0.821158010801135
"636","Ptma",1.34190014989046,0.010756341503834,0.42427732532558
"637","Gabarap",1.04162882857902,0.0108973207402675,0.0588412828331979
"638","Rubcnl",2.18634518978276,0.0109959144870985,1.12852119802363
"639","Wdfy3",1.52383995554321,0.0110213432674221,0.60771138874407
"640","H2-T23",0.816697205680256,0.0113967960012177,-0.292126803338573
"641","Rps8",1.26423150062009,0.0114868188390004,0.338260667799646
"642","Slc26a11",0.358415841584158,0.0115520441411754,-1.48029369055595
"643","Rassf5",1.27860023780104,0.0117611046521508,0.354565267274721
"644","Cd24a",1.03487678412132,0.011983504514,0.0494590058702679
"645","Sys1",1.41202693289993,0.0121100583711625,0.497767606732744
"646","Gna13",1.39381626809071,0.0122213104021291,0.479040398663845
"647","Chd7",1.3287587741825,0.0122253765061209,0.410079218324799
"648","Plp1",1.39682654165164,0.0123018577433904,0.482152877557511
"649","Ftl1",1.1304604725046,0.0123773479572947,0.17691054793326
"650","Cfh",0.681085774933265,0.0123862174590048,-0.554091594332445
"651","Ptpre",0.784635610986746,0.0124076823662302,-0.349905280721262
"652","Son",1.19517827281665,0.0124076823662302,0.257225826679725
"653","Gtf2a2",1.50365242301265,0.0126508476890449,0.588471119178046
"654","Nfam1",0.879390275562808,0.0127251209119131,-0.185424515799256
"655","Serpine1",3.60218698742482,0.0127318539721447,1.84887307264582
"656","Rps28",1.34788710790705,0.0130699214989245,0.430699668861765
"657","Cstb",1.30074576271186,0.0130699525980467,0.379339007622471
"658","Gm11808",1.46802537173755,0.0135721400232029,0.553876902352537
"659","Mcl1",1.11897587211685,0.013683860417694,0.162178928581822
"660","Sult6b2",Inf,0.0137249034496176,9
"661","Pi16",0.747883749880303,0.0140747013428942,-0.41911405807004
"662","Rpl13a",1.24222586856108,0.0141225269872945,0.312927516413756
"663","Eng",0.289736346516008,0.0141510600762077,-1.78718741735797
"664","Tmem71",0.741636585307547,0.0143587399967621,-0.431215680293015
"665","Kit",3.18466505246166,0.0143599023160676,1.67114164483217
"666","Isg20",0.722739051017374,0.0145699666206916,-0.468453246823344
"667","Lpcat2",0.862161052348385,0.0145893488364722,-0.213970703854356
"668","Gm16174",0.420726392251816,0.0146880011726264,-1.24904577338981
"669","Zfp52",3.60466101694915,0.0148045935291793,1.84986359451164
"670","Rnpepl1",1.8534604519774,0.0148445675416824,0.890221332127779
"671","Ms4a6c",1.91737288135593,0.0148809745285931,0.939130932608725
"672","Ctnnbip1",1.50004675628288,0.0148809745285931,0.585007470058588
"673","Litaf",1.17547223648919,0.0148809745285931,0.233240464339823
"674","Trem1",1.27702232198088,0.0151197260294649,0.352783743153135
"675","Gm31683",0.411147999301066,0.0152003272928868,-1.28227028632467
"676","Gyg",1.50698780850431,0.0152003272928868,0.591667745614225
"677","Babam2",1.54976621858562,0.0152116966835299,0.632050602128675
"678","Mrgpra2b",0.775470809792844,0.0152116966835299,-0.366855618409614
"679","Fosb",0.642724994031989,0.0156281311368015,-0.637726518475373
"680","Acta2",0.38908639933857,0.015684956992284,-1.36183754364299
"681","5031439G07Rik",0.636377643927721,0.015684956992284,-0.652044940489821
"682","Fam169b",3.58447814451383,0.0157995881899373,1.84176309574052
"683","Mov10",0.544099776143268,0.0158255426023144,-0.878056860051561
"684","Ugp2",0.637526483050847,0.0159031127666712,-0.64944282166481
"685","Wipi1",2.10911016949153,0.0159785338502721,1.07663445635866
"686","Rpl11",1.26144874899112,0.016037344504574,0.335081592696801
"687","Rasgrp4",0.72144986001144,0.016205258839806,-0.47102896243901
"688","Sik3",1.72054047647268,0.0165000619926228,0.782861832510533
"689","Hjurp",0.554789272030651,0.0165000619926228,-0.849988204374042
"690","Hexb",0.804328033331524,0.0165005613465172,-0.31414409156391
"691","Mmp25",0.884135172123382,0.0165005613465172,-0.177661140153042
"692","Chka",2.08751217611533,0.0165171805274159,1.06178461261422
"693","Dstn",0.896869500787256,0.0166359387508193,-0.157030014161531
"694","Rpl13",1.26578457105479,0.0167306374295123,0.340031887611895
"695","Lonrf1",1.86383114806524,0.017092012636777,0.898271166385421
"696","Errfi1",1.87445187373659,0.0171717119789987,0.906468785128339
"697","Pde2a",1.56492096743477,0.0171717119789987,0.646089799158515
"698","Slc20a1",2.18354935194417,0.0171717119789987,1.12667513885826
"699","Zfp787",1.64864794928193,0.0171825981227673,0.721283359933853
"700","Sirpb1c",0.747174156971594,0.0171932484022664,-0.42048353846625
"701","Suco",1.57285445251547,0.0171932484022664,0.653385174028011
"702","Mir22hg",1.48693203776293,0.0172327596182878,0.572338708571851
"703","Tmem184b",0.586137676356406,0.0174765406674521,-0.770688519544356
"704","Itpkb",1.57843083652269,0.0174934650659495,0.658491046211996
"705","Acvr1b",2.24082535003685,0.0175216527092201,1.16403020955575
"706","Ctdsp2",1.50237984676109,0.0175257215846452,0.58724961561974
"707","Rgs14",0.581547531319086,0.0177678079609408,-0.782030983333448
"708","Ints6",0.458998576788718,0.0180918755009348,-1.12343841458824
"709","Inpp5a",1.9396391470749,0.0183021724816721,0.955788276562331
"710","Smchd1",0.73357915285223,0.0187792157795465,-0.446975454460471
"711","Sap30bp",2.34686440677966,0.0190438450638809,1.23073449063929
"712","S100a11",0.972105843048683,0.0193327998469272,-0.0408146916240159
"713","Ell",1.64024858757062,0.0195516001634182,0.71391447879304
"714","Tigd2",2.42502017756255,0.0195835651447955,1.27799675140217
"715","Mvp",1.3978645104442,0.0197713467618207,0.483224532685441
"716","Gpi1",1.22293338266238,0.0198966823095088,0.290345817503687
"717","Jun",1.16248554041141,0.0200925142443493,0.217212771354871
"718","Adprh",1.31225366961317,0.0204294184310586,0.392046631936437
"719","Tnfaip8",0.706811861479465,0.0204589629695346,-0.50060184397065
"720","Cby1",0.402648305084746,0.0210046569717448,-1.31240783438724
"721","Gmfg",1.10309039358625,0.0211048221650257,0.141551018522383
"722","Trim34a",0.427037288135593,0.0214564895586934,-1.22756604597936
"723","Runx2",0.484388938447814,0.0216365676738677,-1.04576217500107
"724","Ifitm1",1.01023744982076,0.0219197763231183,0.0146944290330602
"725","Basp1",1.19976249595164,0.0220149327813204,0.262748839312559
"726","Dleu2",0.795604395604396,0.022028157421356,-0.329876848002853
"727","Tnfsf13",8.22169491525424,0.0222729282399602,3.03943583840441
"728","Cxcr2",0.897635881182801,0.0226871609350077,-0.15579774896532
"729","Rplp1",1.28016362065591,0.0229233159455596,0.356328216180649
"730","Syk",1.15094193770041,0.0234709076041491,0.20281505475203
"731","Tob1",1.48755029874406,0.0235603832377587,0.572938451292357
"732","Pde4b",1.2994488080474,0.0237201484939553,0.377899799773267
"733","Jam2",0.35672053606622,0.0237810698965644,-1.48713382209337
"734","Dpysl2",0.443586807146129,0.0244264952765472,-1.1727116363938
"735","Myadm",0.973655172413793,0.0244264952765472,-0.0385171738442057
"736","Psmb7",1.42372881355932,0.025095464735311,0.509674373416917
"737","Tnfaip8l2",0.735509000947468,0.0251094114147577,-0.443185098012535
"738","Cdkn2d",1.20455770976439,0.0256484961152136,0.268503514038359
"739","Foxp1",1.3615582157955,0.0259529909038837,0.445258668642395
"740","Cks2",0.668097928436912,0.0260227738918082,-0.581868509380464
"741","Cox7c",1.24468609019178,0.0260531779620184,0.315781940505019
"742","Fau",1.06092806177068,0.0262903922112014,0.0853268349093439
"743","Psmd9",2.4815065913371,0.0265923115050993,1.31121628670302
"744","Hnrnpul1",1.37561305445366,0.0267411074419326,0.460074712098446
"745","Asprv1",1.32996454761789,0.0267411074419326,0.411387788841085
"746","Morf4l1",1.19145260091671,0.026785138796755,0.252721558508794
"747","Gm568",0.330378096479791,0.0270631102234095,-1.59781005324949
"748","Vnn3",0.372518159806295,0.0274881543608244,-1.42461733797326
"749","Gm36738",0.457275343779981,0.0274881543608244,-1.12886496355209
"750","Psmb8",0.743403470661042,0.027543793260527,-0.427782671291155
"751","Arrdc4",1.96338983050847,0.0276909174886078,0.973346647946636
"752","Tmpo",0.651802857011621,0.0279412534946156,-0.617492419111186
"753","Tkt",1.23680005348845,0.0281998757485873,0.306612286768283
"754","Thrap3",1.5102998696219,0.0281998757485873,0.594835024692906
"755","Smim10l2a",0,0.0288503683117507,-8.96578428466209
"756","Srrm1",1.39018170713086,0.0290415819874946,0.475273466289423
"757","H2-D1",0.944211960808371,0.029278636474825,-0.0828173364851433
"758","F630028O10Rik",0.715380325404331,0.0293523042873714,-0.483217653422994
"759","Dynlt1c",0.564343333635457,0.0298764560047174,-0.825354962351538
"760","Canx",0.826733607640331,0.0304367268986819,-0.274505559745188
"761","Mapk14",0.735539306533679,0.0304929934817343,-0.443125655071441
"762","Dedd2",1.44840233398166,0.03051742876004,0.534462406713426
"763","Pym1",3.21388216303471,0.0305244665122227,1.6843170335799
"764","Uba52",1.18091114854195,0.0310247262899301,0.239900420806105
"765","Atg3",0.82806352595756,0.0314336894447505,-0.272186644713027
"766","H3f3a",1.12903159146596,0.0315484131270959,0.175085854767801
"767","Pip5k1c",1.5240813559322,0.031661876460022,0.607939916392393
"768","Dhrs9",0.931859220669008,0.0318295445943076,-0.101816076685444
"769","Crnkl1",1.69986107252014,0.0321155010081205,0.765416841553296
"770","Ccl2",2.34905569007264,0.0321155010081205,1.23208091634681
"771","Nars2",4.90847457627119,0.0321265756511536,2.295274742834
"772","B4galt1",1.37799388719089,0.0324274482273191,0.462569488231646
"773","Atp11b",1.29488489754617,0.0327623932612782,0.372823862298269
"774","Rbm47",1.39431355932203,0.0327954315518159,0.47955503725338
"775","Plod3",0.594310402126952,0.0327954315518159,-0.75071146244018
"776","Rpl10a",1.34946255685716,0.032817649237761,0.432384947322802
"777","Zfp710",0.579326398486943,0.032817649237761,-0.787551688295618
"778","Fcgr1",0.634136006614303,0.033239030510337,-0.657135798647739
"779","Chchd2",1.15832982617235,0.0337112425668731,0.212046108967002
"780","Ckap4",0.955736636245111,0.0346217575069925,-0.0653149724224655
"781","Cluh",7.36271186440678,0.0346698818129593,2.88023724355516
"782","Plet1",15.9525423728814,0.0346698818129593,3.9957144609751
"783","Cyth3",2.4815065913371,0.0348149494659663,1.31121628670302
"784","Actb",0.929142574752654,0.0355000571137937,-0.106028103116535
"785","Tnfrsf1a",0.810529708413908,0.0355646995407415,-0.303063028952159
"786","Hk3",0.656401369457712,0.0357906699795566,-0.607349846121372
"787","Gm20559",0.503183570980181,0.0357959891901547,-0.990843276112834
"788","Klf11",3.72855280312907,0.0359297688932261,1.89861577287001
"789","Capzb",1.18921118374796,0.0361877945996288,0.250004936018683
"790","Clec5a",0.640469818614332,0.0361877945996288,-0.642797508022797
"791","Gal3st4",0.385376103095672,0.036357483553694,-1.37566098099701
"792","Map2k3",1.3662918561389,0.036357483553694,0.450265693312777
"793","Pnpla8",1.47306014446113,0.0365610194649767,0.558816336242323
"794","Atp6v1b2",0.729706354188463,0.0365984452178993,-0.454612078271101
"795","Diaph1",1.06423248617212,0.0368690390288184,0.0898133482163686
"796","Abhd12",0.884666929444226,0.0370657110911783,-0.17679370148122
"797","Stab1",1.3051134731399,0.0370657110911783,0.38417524742293
"798","Eif3c",1.36512286847664,0.0376011265480983,0.449030807382806
"799","Ddi2",1.62945262572937,0.0376011265480983,0.704387408155741
"800","Mrc1",2.86838983050847,0.0376011265480983,1.52024110783427
"801","Neat1",0.869884224876391,0.037686370991993,-0.201104693134389
"802","Eif3m",1.47922470213123,0.0380037493062819,0.564841222164549
"803","Hopx",1.89595358069934,0.0382067083349667,0.922923642656705
"804","Tuba1c",1.76454286774712,0.0384628779181943,0.819294479329848
"805","Gbp7",0.746460258214526,0.0391359465722098,-0.421862642033328
"806","Ly6c2",0.985894570046122,0.0400175715627652,-0.0204947194851579
"807","Ahnak",2.89439941046426,0.0401331665745091,1.53326401922147
"808","Eif1a",1.69908735332464,0.0405120506028102,0.764760026135221
"809","Gng10",0.732624155505512,0.0407584467434953,-0.448854825654296
"810","Nab1",1.92290756596191,0.0419003018116195,0.943289414090461
"811","Lmo4",0.864318349299926,0.0422780651034037,-0.210365305225749
"812","Ccdc86",2.09377118644068,0.0422780651034037,1.06610378886649
"813","Otub1",1.64157593444831,0.0424273769770184,0.715081486260717
"814","Atp1a1",1.65956708188687,0.0424273769770184,0.730806946228224
"815","Ncf4",1.16276703343856,0.0434334173500476,0.217562074136741
"816","Fgd3",0.570502527505204,0.0441984122613715,-0.80969481676754
"817","Gpr132",3.87014341590613,0.0443299117621835,1.95238702931099
"818","Ncf2",0.876058772687986,0.044360503897672,-0.190900434854043
"819","Zfr",1.39073446327684,0.044746388945002,0.475846988475827
"820","Dnaja1",0.782345157835045,0.0448425770421513,-0.35412285354981
"821","Ptprj",1.58981380980212,0.0448622970684799,0.668857814941127
"822","Tmed10",1.22640685831138,0.0448947059192179,0.294437669969856
"823","Cxcr1",0.521983303819884,0.0449747842523029,-0.937924433459028
"824","Taf13",1.76247922897973,0.0459692031243272,0.817606255284756
"825","Ifi209",0.12271186440678,0.0463208463998266,-3.02665335205336
"826","Hspa14",1.71105275722129,0.0463604398740746,0.774884243408926
"827","Junb",0.872434555293104,0.0463604398740746,-0.196881181668553
"828","Atp5l",1.09102003081664,0.0467811484367356,0.125677589374212
"829","C1qb",1.09262345485811,0.0469803117681173,0.127796298168939
"830","Sidt2",1.38454504906334,0.0474756050828621,0.469411995563232
"831","Nrp1",0.346480558325025,0.0475760429127143,-1.52915369258254
"832","Gbp2",0.616209686275945,0.0477587952307228,-0.698506734430842
"833","Rpl35a",1.22181654138862,0.0480284903727543,0.289027677383628
"834","Pde4d",4.18335901386749,0.0482142280181027,2.06466181469259
"835","Pdia6",0.806679633231453,0.0484996523144115,-0.309932263161327
"836","Neurl3",0.815115041349382,0.0484996523144115,-0.294924406253301
"837","Gm12840",1.3944530046225,0.0489952895687914,0.479699313971433
"838","Arih2",1.63463192512016,0.0489952895687914,0.708965816405327
"839","Stk19",2.57354048964218,0.0493960720395507,1.36375448071677
"840","Themis2",1.17638505671616,0.0494230396528573,0.234360363310399
"841","Dst",1.41732203389831,0.0498115782958085,0.50316759447534
"842","Herpud1",1.43412498068106,0.0498115782958085,0.52017075706059
"843","Rnf13",0.743649431452478,0.0498348012936488,-0.427305423418144
"844","Epn1",1.41376775821403,0.0499785225639513,0.499545145896024
